<?xml version="1.0" encoding="UTF-8"?>
<project-private xmlns="http://www.netbeans.org/ns/project-private/1">
    <editor-bookmarks xmlns="http://www.netbeans.org/ns/editor-bookmarks/2" lastBookmarkId="0"/>
    <open-files xmlns="http://www.netbeans.org/ns/projectui-open-files/2">
        <group>
            <file>file:/D:/Usuário/Documents/Nova%20pasta/JavaProjeto/src/TelaLogin/DatabaseConnection.java</file>
            <file>file:/D:/Usuário/Documents/Nova%20pasta/JavaProjeto/src/TelaLogin/CreateDatabase.java</file>
            <file>file:/D:/Usuário/Documents/Nova%20pasta/JavaProjeto/src/TelaLogin/Cadastro.java</file>
            <file>file:/D:/Usuário/Documents/Nova%20pasta/JavaProjeto/src/TelaLogin/Principal.java</file>
            <file>file:/D:/Usuário/Documents/Nova%20pasta/JavaProjeto/src/TelaLogin/AtCadastral.java</file>
        </group>
    </open-files>
</project-private>
